586101,Andy,Bettanay,abettanay0,abettanay0@dailymotion.com,855407859,1,79943011,0,abettanay0,VP Sales
51506,Germayne,Beange,gbeange1,gbeange1@upenn.edu,600109828,0,62314119,0,gbeange1,Dental Hygienist
531367,Marris,Rowlings,mrowlings2,mrowlings2@examiner.com,784058234,1,43570853,0,mrowlings2,Geological Engineer
861152,Baryram,Presslee,bpresslee3,bpresslee3@vistaprint.com,842262726,0,82507128,1,bpresslee3,Administrative Assistant I
390709,Darcey,Revely,drevely4,drevely4@youtu.be,182225788,0,87187287,1,drevely4,Librarian
980891,Corri,Gawke,cgawke5,cgawke5@usnews.com,256299911,0,88392947,0,cgawke5,Software Test Engineer I
461127,Nickie,Outright,noutright6,noutright6@geocities.com,523906301,0,57582715,1,noutright6,Staff Accountant IV
95147,Beatrice,Dysert,bdysert7,bdysert7@toplist.cz,195401950,0,78149863,0,bdysert7,Automation Specialist II
650485,Aldwin,Jarmain,ajarmain8,ajarmain8@nifty.com,615738758,1,66435800,0,ajarmain8,Help Desk Technician
118907,Danita,Trevaskiss,dtrevaskiss9,dtrevaskiss9@plala.or.jp,512415065,0,32223425,0,dtrevaskiss9,Research Nurse
217859,Bobinette,Skerme,bskermea,bskermea@cpanel.net,634874225,0,85440137,0,bskermea,Food Chemist
396596,Philippine,Edel,pedelb,pedelb@redcross.org,213090131,1,54070000,0,pedelb,Desktop Support Technician
431763,Myranda,Kuschke,mkuschkec,mkuschkec@irs.gov,411467769,1,64850634,1,mkuschkec,Sales Associate
487689,Egbert,Pischof,epischofd,epischofd@china.com.cn,392361796,0,21256819,1,epischofd,Civil Engineer
279156,Redford,Moyce,rmoycee,rmoycee@livejournal.com,439691664,0,69945936,0,rmoycee,Account Coordinator
979422,Normand,Jaukovic,njaukovicf,njaukovicf@prweb.com,552991363,0,40421664,0,njaukovicf,Staff Accountant II
286464,Drud,Slayny,dslaynyg,dslaynyg@netscape.com,405747954,1,36738466,0,dslaynyg,Analyst Programmer
537051,Benni,Mahood,bmahoodh,bmahoodh@jalbum.net,481595643,1,75587329,0,bmahoodh,VP Accounting
145171,Olivie,Brotherheed,obrotherheedi,obrotherheedi@hugedomains.com,856536632,1,14285577,1,obrotherheedi,Legal Assistant
315324,Neille,Luck,nluckj,nluckj@4shared.com,175958571,0,83401775,0,nluckj,Geological Engineer
651002,Rosaleen,Duffer,rdufferk,rdufferk@dropbox.com,387932939,0,18420604,1,rdufferk,Executive Secretary
932531,Edik,McBrier,emcbrierl,emcbrierl@apple.com,137658999,0,24473517,0,emcbrierl,Account Coordinator
339581,Delmar,Dacres,ddacresm,ddacresm@baidu.com,624185247,0,47208378,0,ddacresm,Teacher
859753,Rutger,Hurich,rhurichn,rhurichn@wikimedia.org,143120661,1,63020870,1,rhurichn,Recruiting Manager
112701,Huntington,Fennelow,hfennelowo,hfennelowo@drupal.org,414766550,1,59786360,0,hfennelowo,Dental Hygienist
996687,Leland,Drinkeld,ldrinkeldp,ldrinkeldp@drupal.org,677435990,0,82395389,0,ldrinkeldp,Physical Therapy Assistant
303765,Drake,Mosten,dmostenq,dmostenq@hostgator.com,871956236,0,37125452,1,dmostenq,Marketing Assistant
629768,Benedicta,Holyland,bholylandr,bholylandr@technorati.com,863449108,0,38055667,0,bholylandr,Paralegal
453172,Morgen,Coogan,mcoogans,mcoogans@examiner.com,162877486,0,62914185,1,mcoogans,Environmental Tech
401240,Alisa,Bendell,abendellt,abendellt@sphinn.com,513225707,0,82880010,1,abendellt,Senior Editor
499675,Faustine,Sings,fsingsu,fsingsu@e-recht24.de,717771924,1,20445531,1,fsingsu,Developer I
155571,Ann-marie,Lorrain,alorrainv,alorrainv@liveinternet.ru,134207505,0,31290376,1,alorrainv,Dental Hygienist
944215,Ettore,Tottem,etottemw,etottemw@buzzfeed.com,243604699,1,69211414,1,etottemw,Analyst Programmer
527479,Meredith,Djordjevic,mdjordjevicx,mdjordjevicx@wikispaces.com,265611395,1,81612575,0,mdjordjevicx,Budget/Accounting Analyst III
65281,Curcio,Curnnok,ccurnnoky,ccurnnoky@cbsnews.com,477062415,0,75008052,1,ccurnnoky,Technical Writer
548392,Niven,de Broke,ndebrokez,ndebrokez@plala.or.jp,593571533,1,18059588,1,ndebrokez,Associate Professor
224330,Averyl,Adamsson,aadamsson10,aadamsson10@elpais.com,904249658,1,28454196,1,aadamsson10,Structural Engineer
41585,Dunc,Pepper,dpepper11,dpepper11@free.fr,883816670,1,82223042,1,dpepper11,Senior Cost Accountant
182436,Codie,Ghent,cghent12,cghent12@google.fr,265980675,1,38652031,0,cghent12,Safety Technician I
415479,Ashly,Walding,awalding13,awalding13@xing.com,712635241,0,78879312,1,awalding13,Librarian
687135,Loreen,Jeakins,ljeakins14,ljeakins14@yandex.ru,833707090,1,65755508,0,ljeakins14,Nurse Practicioner
633610,Tani,Pitney,tpitney15,tpitney15@weibo.com,382320588,1,77067604,0,tpitney15,Structural Analysis Engineer
439772,Martin,Chastey,mchastey16,mchastey16@gmpg.org,854075434,1,84844244,0,mchastey16,Mechanical Systems Engineer
272171,Waylan,McDonogh,wmcdonogh17,wmcdonogh17@wikipedia.org,129492054,1,85338068,0,wmcdonogh17,Geological Engineer
831818,Korrie,Fairnie,kfairnie18,kfairnie18@vk.com,638793746,0,45469806,0,kfairnie18,Marketing Manager
234670,Ezekiel,Pittendreigh,epittendreigh19,epittendreigh19@edublogs.org,370067173,0,35570173,1,epittendreigh19,Professor
484265,Pierson,Abbes,pabbes1a,pabbes1a@purevolume.com,521406893,0,80766701,0,pabbes1a,VP Product Management
95891,Ripley,Mostin,rmostin1b,rmostin1b@comsenz.com,140953331,0,70140184,0,rmostin1b,Computer Systems Analyst II
487044,Ame,McRobert,amcrobert1c,amcrobert1c@sciencedaily.com,262000900,0,80310430,1,amcrobert1c,Quality Control Specialist
587914,Bidget,Sheircliffe,bsheircliffe1d,bsheircliffe1d@arizona.edu,796678142,1,61489768,0,bsheircliffe1d,Nurse
830886,Patrick,Lacoste,placoste1e,placoste1e@businesswire.com,251253469,1,25003462,1,placoste1e,Marketing Assistant
614058,Zacharias,Havenhand,zhavenhand1f,zhavenhand1f@goo.ne.jp,167160944,0,58984668,1,zhavenhand1f,VP Accounting
796164,Omar,Barnewelle,obarnewelle1g,obarnewelle1g@bbb.org,452838787,1,28208347,0,obarnewelle1g,Desktop Support Technician
617123,Sax,Everly,severly1h,severly1h@fc2.com,665812079,1,68179780,0,severly1h,GIS Technical Architect
716258,Cathleen,Kinavan,ckinavan1i,ckinavan1i@parallels.com,210700523,0,50517413,1,ckinavan1i,Editor
311041,Gawen,Zamorrano,gzamorrano1j,gzamorrano1j@de.vu,371073838,1,21249224,0,gzamorrano1j,Administrative Assistant I
47449,Milicent,Ruxton,mruxton1k,mruxton1k@mapy.cz,708864676,0,49298093,1,mruxton1k,Actuary
475820,Fiorenze,Bartalin,fbartalin1l,fbartalin1l@craigslist.org,193417842,1,58722353,0,fbartalin1l,Human Resources Assistant III
149192,Berkly,Shimmans,bshimmans1m,bshimmans1m@shutterfly.com,189338982,1,14582174,1,bshimmans1m,Programmer Analyst IV
464679,Denver,Macewan,dmacewan1n,dmacewan1n@mac.com,369090076,1,78131847,1,dmacewan1n,Account Executive
188546,Boone,Leeb,bleeb1o,bleeb1o@businesswire.com,203675430,0,62148711,0,bleeb1o,Environmental Tech
788002,Gabriellia,Demogeot,gdemogeot1p,gdemogeot1p@prweb.com,217553365,0,53339978,0,gdemogeot1p,Pharmacist
677818,Fiona,Giscken,fgiscken1q,fgiscken1q@abc.net.au,279447941,1,53460998,0,fgiscken1q,Web Developer I
718495,Wiley,Southall,wsouthall1r,wsouthall1r@wp.com,442094344,0,13453065,1,wsouthall1r,Junior Executive
957838,Joachim,Woollcott,jwoollcott1s,jwoollcott1s@amazon.co.uk,863904890,0,38137729,0,jwoollcott1s,Mechanical Systems Engineer
961197,Moishe,Bolter,mbolter1t,mbolter1t@shop-pro.jp,142363421,1,79139398,1,mbolter1t,Paralegal
48013,Mariejeanne,Brewins,mbrewins1u,mbrewins1u@studiopress.com,730838350,0,79271005,1,mbrewins1u,Chemical Engineer
860074,Del,Spires,dspires1v,dspires1v@tiny.cc,773241983,1,69632663,1,dspires1v,Assistant Manager
318436,Danit,Jarratt,djarratt1w,djarratt1w@issuu.com,401166756,0,28132077,0,djarratt1w,Senior Developer
529910,Diann,Hamnet,dhamnet1x,dhamnet1x@slashdot.org,192249858,1,35591098,1,dhamnet1x,Tax Accountant
637027,Thane,Hawthorne,thawthorne1y,thawthorne1y@g.co,447103792,0,55883092,0,thawthorne1y,Administrative Assistant II
809555,Gaspard,Kevis,gkevis1z,gkevis1z@digg.com,684803711,1,72383530,1,gkevis1z,Senior Sales Associate
494481,Branden,Bardey,bbardey20,bbardey20@a8.net,226417664,1,36748254,0,bbardey20,Data Coordiator
422877,Danny,Ferreli,dferreli21,dferreli21@sakura.ne.jp,277963091,1,17142440,1,dferreli21,Information Systems Manager
642719,Pall,Bear,pbear22,pbear22@twitter.com,525188556,0,75993816,1,pbear22,Account Representative III
64041,Horatius,Orgen,horgen23,horgen23@issuu.com,355516960,1,32479916,1,horgen23,Safety Technician II
717095,Rebbecca,Willwood,rwillwood24,rwillwood24@360.cn,849965809,1,67002910,0,rwillwood24,General Manager
546087,Harrie,Dun,hdun25,hdun25@163.com,641592879,1,27445790,0,hdun25,Human Resources Manager
544033,Shawnee,Erskin,serskin26,serskin26@tripadvisor.com,433182246,1,68726221,1,serskin26,Food Chemist
786204,Nedi,Labden,nlabden27,nlabden27@woothemes.com,459470925,0,39376957,0,nlabden27,Chemical Engineer
820282,Bibbie,Jalland,bjalland28,bjalland28@acquirethisname.com,769862509,0,42053130,0,bjalland28,Administrative Assistant II
213014,Lyndy,Chrismas,lchrismas29,lchrismas29@bizjournals.com,850845249,1,83477065,0,lchrismas29,Technical Writer
54545,Germayne,Lindborg,glindborg2a,glindborg2a@aboutads.info,822441073,0,47095187,0,glindborg2a,VP Product Management
517357,Kristin,Gheerhaert,kgheerhaert2b,kgheerhaert2b@blog.com,522309783,1,60335436,1,kgheerhaert2b,Assistant Media Planner
685047,Guenna,Di Bartolommeo,gdibartolommeo2c,gdibartolommeo2c@github.io,287505915,0,48390660,0,gdibartolommeo2c,Dental Hygienist
609721,Allina,Aujean,aaujean2d,aaujean2d@howstuffworks.com,152074584,1,74146518,1,aaujean2d,Associate Professor
597186,Kerby,Lammert,klammert2e,klammert2e@furl.net,410526694,0,40927713,1,klammert2e,Budget/Accounting Analyst III
377430,Eamon,Gunston,egunston2f,egunston2f@washingtonpost.com,544928042,0,85986875,0,egunston2f,Sales Representative
601807,Ron,Giff,rgiff2g,rgiff2g@engadget.com,686138880,1,75386917,1,rgiff2g,Legal Assistant
939288,Wiatt,Wybron,wwybron2h,wwybron2h@instagram.com,223765732,1,63227306,0,wwybron2h,Computer Systems Analyst IV
247000,Georgie,Dregan,gdregan2i,gdregan2i@sitemeter.com,758720783,0,82010912,0,gdregan2i,Desktop Support Technician
243278,Felipe,Clampe,fclampe2j,fclampe2j@salon.com,221293224,1,50807124,0,fclampe2j,Product Engineer
770345,Nicolea,Janousek,njanousek2k,njanousek2k@wufoo.com,350950933,1,77599001,0,njanousek2k,VP Sales
650802,Lian,Flament,lflament2l,lflament2l@joomla.org,419319544,1,82068648,1,lflament2l,Senior Financial Analyst
398431,Koralle,Burgess,kburgess2m,kburgess2m@so-net.ne.jp,171740720,0,16574819,1,kburgess2m,Business Systems Development Analyst
45070,Andrew,Mellmoth,amellmoth2n,amellmoth2n@mit.edu,372501980,0,32643931,1,amellmoth2n,Associate Professor
570864,Johan,Leatherland,jleatherland2o,jleatherland2o@flavors.me,539024373,0,63686408,0,jleatherland2o,Marketing Assistant
880466,Mildred,Wedderburn,mwedderburn2p,mwedderburn2p@kickstarter.com,354710470,1,13894597,1,mwedderburn2p,Accounting Assistant IV
604965,Tabbie,Stares,tstares2q,tstares2q@people.com.cn,457877285,0,27348600,1,tstares2q,Biostatistician II
394054,Eleanore,Chartre,echartre2r,echartre2r@mit.edu,474365090,0,14917945,1,echartre2r,Staff Accountant I
