702443,Ellsworth,Howchin,ehowchin0,ehowchin0@sakura.ne.jp,431755198,0,58939860,0,ehowchin0,Environmental Tech
508933,Laurette,Morton,lmorton1,lmorton1@vistaprint.com,819340946,1,64141762,0,lmorton1,Nuclear Power Engineer
362771,Stanislas,Huckster,shuckster2,shuckster2@jiathis.com,774961131,0,37859361,0,shuckster2,Social Worker
746997,Jaclin,Charlick,jcharlick3,jcharlick3@angelfire.com,660169410,1,18712112,1,jcharlick3,Structural Engineer
335275,Salvidor,Kopelman,skopelman4,skopelman4@oakley.com,737622760,0,13238495,1,skopelman4,Health Coach III
639834,Helga,Feek,hfeek5,hfeek5@printfriendly.com,569242558,1,40312414,0,hfeek5,Sales Representative
222417,Tann,Etherton,tetherton6,tetherton6@hp.com,663126094,1,12301845,1,tetherton6,Web Designer IV
727361,Marleah,Fidelli,mfidelli7,mfidelli7@drupal.org,815741473,0,28431419,0,mfidelli7,Staff Scientist
942096,Nick,Tiffany,ntiffany8,ntiffany8@homestead.com,351219172,0,47781615,1,ntiffany8,Senior Editor
358100,Chanda,Ankrett,cankrett9,cankrett9@oaic.gov.au,349147999,1,76087039,0,cankrett9,Staff Accountant IV
830254,Vinny,Daffern,vdafferna,vdafferna@123-reg.co.uk,376298703,1,59779747,0,vdafferna,Teacher
351208,Koressa,Culy,kculyb,kculyb@blinklist.com,323770863,0,76501234,1,kculyb,Marketing Manager
192523,Casey,Smewings,csmewingsc,csmewingsc@prlog.org,915315748,1,73944073,1,csmewingsc,Product Engineer
995810,Jonas,Baudinelli,jbaudinellid,jbaudinellid@dion.ne.jp,896069577,0,50690119,1,jbaudinellid,Environmental Tech
521414,Becki,Rhys,brhyse,brhyse@wordpress.org,922400372,1,22545986,1,brhyse,Librarian
774993,Randi,MacShirrie,rmacshirrief,rmacshirrief@ocn.ne.jp,139383991,0,85162226,1,rmacshirrief,Payment Adjustment Coordinator
625748,Gusti,Guiduzzi,gguiduzzig,gguiduzzig@1und1.de,742180597,0,87205351,1,gguiduzzig,Administrative Assistant II
580795,Regan,Ondrousek,rondrousekh,rondrousekh@oaic.gov.au,397711973,0,52207883,0,rondrousekh,Project Manager
447582,Harald,Bedbrough,hbedbroughi,hbedbroughi@webeden.co.uk,813952362,0,36821550,0,hbedbroughi,Developer I
839313,Giacopo,Aymerich,gaymerichj,gaymerichj@reference.com,199293762,0,29044406,1,gaymerichj,Junior Executive
56499,Fitz,Housin,fhousink,fhousink@skyrock.com,209693150,0,79785968,0,fhousink,Analyst Programmer
959588,Napoleon,Challener,nchallenerl,nchallenerl@google.ru,731690425,1,35677941,1,nchallenerl,Professor
620990,Lorraine,Battelle,lbattellem,lbattellem@rediff.com,747948584,1,31199610,1,lbattellem,Senior Editor
778481,Maison,Mushart,mmushartn,mmushartn@prweb.com,217781497,1,18502239,1,mmushartn,Speech Pathologist
111312,Monah,Moger,mmogero,mmogero@bloglines.com,207407930,0,26928810,0,mmogero,Executive Secretary
824292,Cori,Sawdon,csawdonp,csawdonp@trellian.com,826351619,0,84038267,1,csawdonp,VP Accounting
181527,Mame,Berrane,mberraneq,mberraneq@ebay.co.uk,586014331,1,11858563,0,mberraneq,Environmental Tech
660996,Jennilee,Tremolieres,jtremolieresr,jtremolieresr@mapy.cz,185134515,1,43578653,0,jtremolieresr,Technical Writer
429271,Anthia,Shapera,ashaperas,ashaperas@woothemes.com,724604319,0,37554144,1,ashaperas,Senior Developer
422321,Giuseppe,Driutti,gdriuttit,gdriuttit@1688.com,186055500,0,32782512,1,gdriuttit,Information Systems Manager
946927,Terri,McConway,tmcconwayu,tmcconwayu@bbc.co.uk,534491167,1,77145462,0,tmcconwayu,Technical Writer
318692,Rudy,Enefer,reneferv,reneferv@sphinn.com,490140488,0,86962468,0,reneferv,Food Chemist
689810,Elsa,Cullingworth,ecullingworthw,ecullingworthw@sciencedaily.com,471076856,0,52809951,0,ecullingworthw,VP Accounting
912998,Christos,Mannering,cmanneringx,cmanneringx@theguardian.com,669733456,1,50081470,1,cmanneringx,Financial Analyst
186671,Liana,Plascott,lplascotty,lplascotty@weather.com,866957983,1,16903845,1,lplascotty,Pharmacist
405745,Terrel,Barthrup,tbarthrupz,tbarthrupz@wufoo.com,458909370,0,68808916,1,tbarthrupz,Nuclear Power Engineer
721988,Michell,Goldston,mgoldston10,mgoldston10@merriam-webster.com,335227624,0,28096982,0,mgoldston10,Administrative Assistant II
510347,Hyman,Wherton,hwherton11,hwherton11@e-recht24.de,897096468,0,40040995,1,hwherton11,Safety Technician IV
121742,Frayda,Lempertz,flempertz12,flempertz12@bravesites.com,802907302,0,36191761,1,flempertz12,Assistant Manager
20220,Olivero,Veld,oveld13,oveld13@fda.gov,826798168,0,39537043,0,oveld13,Director of Sales
436524,Meghann,Escalante,mescalante14,mescalante14@bizjournals.com,897046598,1,80296456,1,mescalante14,Professor
183788,Dorry,Mounce,dmounce15,dmounce15@blogger.com,855020544,1,33948758,0,dmounce15,Administrative Officer
472163,Selie,McPherson,smcpherson16,smcpherson16@bbb.org,603245417,0,33226314,1,smcpherson16,Research Associate
781259,Virginia,Robardey,vrobardey17,vrobardey17@creativecommons.org,662417686,0,48641266,1,vrobardey17,Structural Engineer
813977,Lou,Crommett,lcrommett18,lcrommett18@ibm.com,220810187,0,45189858,0,lcrommett18,Social Worker
665027,Hobart,Grigolli,hgrigolli19,hgrigolli19@vistaprint.com,219654311,0,76643896,0,hgrigolli19,Teacher
229577,Rikki,Cello,rcello1a,rcello1a@is.gd,774971082,0,55458794,0,rcello1a,Electrical Engineer
94445,Emlen,Extil,eextil1b,eextil1b@nasa.gov,546628545,1,34735396,1,eextil1b,Graphic Designer
858681,Harper,Burchell,hburchell1c,hburchell1c@elpais.com,488247869,0,81515794,1,hburchell1c,Product Engineer
862121,Tyrone,Triplet,ttriplet1d,ttriplet1d@discovery.com,488064733,1,80146646,1,ttriplet1d,Nurse
163844,Alford,Witcombe,awitcombe1e,awitcombe1e@shareasale.com,489890182,0,31002985,1,awitcombe1e,Paralegal
970463,Ebeneser,Hyne,ehyne1f,ehyne1f@businessinsider.com,592675922,1,86358558,1,ehyne1f,Engineer II
355366,Charmine,Greeveson,cgreeveson1g,cgreeveson1g@tinypic.com,164244619,1,16484232,0,cgreeveson1g,Environmental Tech
913332,Arluene,Greggor,agreggor1h,agreggor1h@about.me,752626753,1,58812495,0,agreggor1h,Nurse Practicioner
234696,Roy,Say,rsay1i,rsay1i@exblog.jp,718384705,1,68133440,1,rsay1i,Data Coordiator
998123,Royce,Grunnell,rgrunnell1j,rgrunnell1j@bandcamp.com,365494236,1,66983904,0,rgrunnell1j,Geological Engineer
336455,Delphinia,Grinham,dgrinham1k,dgrinham1k@yolasite.com,706054732,1,72244618,0,dgrinham1k,Software Consultant
887079,Odelia,Stalley,ostalley1l,ostalley1l@sitemeter.com,515753410,1,55870159,1,ostalley1l,Design Engineer
297966,Jareb,Northwood,jnorthwood1m,jnorthwood1m@wired.com,393006241,0,39838522,1,jnorthwood1m,Computer Systems Analyst II
273509,Marj,Cranny,mcranny1n,mcranny1n@kickstarter.com,162852882,1,83412724,1,mcranny1n,Project Manager
124636,Ignatius,Brecknall,ibrecknall1o,ibrecknall1o@amazon.co.uk,322704834,0,63425372,0,ibrecknall1o,Accountant IV
519773,Cassandra,Bane,cbane1p,cbane1p@china.com.cn,250063836,0,73405103,0,cbane1p,Staff Accountant II
600014,Kassie,Steaning,ksteaning1q,ksteaning1q@opera.com,439107150,0,17051623,1,ksteaning1q,Financial Advisor
935909,Kayne,Benbough,kbenbough1r,kbenbough1r@ihg.com,348761566,0,32876228,1,kbenbough1r,Help Desk Operator
586298,Phillip,Beardsworth,pbeardsworth1s,pbeardsworth1s@timesonline.co.uk,464099607,1,71765804,0,pbeardsworth1s,Civil Engineer
375770,Lorri,Carl,lcarl1t,lcarl1t@washington.edu,150643947,1,51344397,1,lcarl1t,Analyst Programmer
392685,Pauli,Lumber,plumber1u,plumber1u@tinypic.com,441047187,1,37377685,0,plumber1u,Accountant I
722903,Fransisco,Meriot,fmeriot1v,fmeriot1v@cargocollective.com,134650312,0,39815159,1,fmeriot1v,General Manager
297389,Clare,Cronchey,ccronchey1w,ccronchey1w@ucsd.edu,520821627,1,71465852,1,ccronchey1w,Occupational Therapist
637654,Bradly,Tithecote,btithecote1x,btithecote1x@time.com,281632079,0,34804542,0,btithecote1x,Sales Associate
659142,Beryle,Labbett,blabbett1y,blabbett1y@unicef.org,450261101,0,21492920,1,blabbett1y,Operator
592136,Kermie,Condie,kcondie1z,kcondie1z@soundcloud.com,153415964,0,33269492,0,kcondie1z,Design Engineer
82821,Lucky,Becerra,lbecerra20,lbecerra20@umn.edu,554183734,1,84618363,0,lbecerra20,Marketing Assistant
595793,Korney,Brann,kbrann21,kbrann21@seattletimes.com,227553901,1,42404930,0,kbrann21,Administrative Officer
712380,Isabel,Pawelski,ipawelski22,ipawelski22@bizjournals.com,711997573,1,47914703,1,ipawelski22,Registered Nurse
40859,Ellery,Divine,edivine23,edivine23@youtube.com,716181250,0,19571727,0,edivine23,Executive Secretary
594540,Wilden,Foyle,wfoyle24,wfoyle24@gmpg.org,581826630,0,52261947,1,wfoyle24,Research Assistant II
435650,Maddy,Elcum,melcum25,melcum25@oracle.com,733541956,1,47412370,1,melcum25,Junior Executive
635807,Mariellen,Giveen,mgiveen26,mgiveen26@narod.ru,486265745,1,49650065,1,mgiveen26,Programmer IV
584986,Fredek,Antrag,fantrag27,fantrag27@berkeley.edu,665579676,1,15903467,1,fantrag27,Financial Analyst
368263,Eldridge,Paolo,epaolo28,epaolo28@google.es,307765178,0,59479644,0,epaolo28,Account Coordinator
325094,Salmon,Yitzhok,syitzhok29,syitzhok29@dion.ne.jp,856457218,0,41452850,0,syitzhok29,Statistician IV
612220,Erny,Kures,ekures2a,ekures2a@kickstarter.com,311942619,0,82816214,1,ekures2a,Tax Accountant
600864,York,Feuell,yfeuell2b,yfeuell2b@vkontakte.ru,426746249,1,35967496,0,yfeuell2b,Technical Writer
344424,Annabella,Cagan,acagan2c,acagan2c@china.com.cn,764057867,1,64298180,1,acagan2c,Social Worker
114621,Margaretta,Reagan,mreagan2d,mreagan2d@wp.com,305228373,0,24198012,0,mreagan2d,Legal Assistant
534518,Kristine,Cuppleditch,kcuppleditch2e,kcuppleditch2e@yellowbook.com,522604754,0,39004914,0,kcuppleditch2e,Nurse
558810,Nobe,Denmead,ndenmead2f,ndenmead2f@webmd.com,480967380,1,24772064,0,ndenmead2f,Assistant Manager
253896,Alvinia,Raoult,araoult2g,araoult2g@soup.io,397787193,1,66910668,0,araoult2g,Human Resources Assistant III
906633,Felice,Fassmann,ffassmann2h,ffassmann2h@state.gov,375282112,0,41330164,1,ffassmann2h,Electrical Engineer
807576,Elsbeth,Koba,ekoba2i,ekoba2i@nydailynews.com,666899338,1,70293839,1,ekoba2i,Senior Editor
476741,Curtice,Tattershall,ctattershall2j,ctattershall2j@lycos.com,133342856,1,60971165,0,ctattershall2j,Physical Therapy Assistant
778379,Guillema,Quartley,gquartley2k,gquartley2k@dot.gov,231960418,0,37602392,0,gquartley2k,VP Quality Control
946159,Francois,Crawford,fcrawford2l,fcrawford2l@theatlantic.com,629667061,1,67490665,0,fcrawford2l,Staff Accountant IV
668179,Terri,Ghioni,tghioni2m,tghioni2m@dot.gov,194365391,1,88812564,1,tghioni2m,Product Engineer
641693,Cad,Bullocke,cbullocke2n,cbullocke2n@amazon.de,400909904,0,60221347,1,cbullocke2n,VP Product Management
67608,Tami,Filipovic,tfilipovic2o,tfilipovic2o@skyrock.com,339812407,0,41724978,0,tfilipovic2o,Senior Editor
625136,Ramon,Jeanel,rjeanel2p,rjeanel2p@mac.com,546163110,0,57496818,0,rjeanel2p,Mechanical Systems Engineer
699354,Oren,Juza,ojuza2q,ojuza2q@infoseek.co.jp,447188323,1,57934866,1,ojuza2q,Web Designer IV
239552,Tan,Blanche,tblanche2r,tblanche2r@g.co,406466852,0,41649410,0,tblanche2r,Nurse Practicioner
